{
  "RemovePost-1" : {
    "transaction" : "RemovePost-1",
    "sampleCount" : 29,
    "errorCount" : 0,
    "errorPct" : 0.0,
    "meanResTime" : 1223.7586206896551,
    "minResTime" : 501.0,
    "maxResTime" : 2342.0,
    "pct1ResTime" : 1987.0,
    "pct2ResTime" : 2218.5,
    "pct3ResTime" : 2342.0,
    "throughput" : 0.4193235876747784,
    "receivedKBytesPerSec" : 20.548070162596336,
    "sentKBytesPerSec" : 0.39633534680952587
  },
  "Add Comment-0" : {
    "transaction" : "Add Comment-0",
    "sampleCount" : 1095,
    "errorCount" : 0,
    "errorPct" : 0.0,
    "meanResTime" : 797.3433789954337,
    "minResTime" : 504.0,
    "maxResTime" : 3184.0,
    "pct1ResTime" : 880.8,
    "pct2ResTime" : 948.4000000000001,
    "pct3ResTime" : 1918.4399999999896,
    "throughput" : 1.6991681059163637,
    "receivedKBytesPerSec" : 0.6792974890329949,
    "sentKBytesPerSec" : 1.592970099296591
  },
  "RemoveUser" : {
    "transaction" : "RemoveUser",
    "sampleCount" : 804,
    "errorCount" : 0,
    "errorPct" : 0.0,
    "meanResTime" : 1336.5447761194023,
    "minResTime" : 658.0,
    "maxResTime" : 6290.0,
    "pct1ResTime" : 1776.0,
    "pct2ResTime" : 1959.75,
    "pct3ResTime" : 3069.3000000000116,
    "throughput" : 1.2282797666879528,
    "receivedKBytesPerSec" : 21.122620756973237,
    "sentKBytesPerSec" : 1.872754562986767
  },
  "Add Comment-1" : {
    "transaction" : "Add Comment-1",
    "sampleCount" : 1095,
    "errorCount" : 1,
    "errorPct" : 0.0913242,
    "meanResTime" : 979.5013698630138,
    "minResTime" : 662.0,
    "maxResTime" : 5533.0,
    "pct1ResTime" : 1086.0,
    "pct2ResTime" : 1145.2,
    "pct3ResTime" : 1950.199999999999,
    "throughput" : 1.6988174989062408,
    "receivedKBytesPerSec" : 118.16195655293639,
    "sentKBytesPerSec" : 1.333837176875603
  },
  "LOG IN" : {
    "transaction" : "LOG IN",
    "sampleCount" : 2932,
    "errorCount" : 912,
    "errorPct" : 31.105047,
    "meanResTime" : 2308.438267394266,
    "minResTime" : 1194.0,
    "maxResTime" : 9334.0,
    "pct1ResTime" : 2802.7000000000003,
    "pct2ResTime" : 3108.999999999998,
    "pct3ResTime" : 5638.420000000002,
    "throughput" : 4.434053287278864,
    "receivedKBytesPerSec" : 102.99967640399716,
    "sentKBytesPerSec" : 8.373984374763705
  },
  "PostTitle" : {
    "transaction" : "PostTitle",
    "sampleCount" : 468,
    "errorCount" : 0,
    "errorPct" : 0.0,
    "meanResTime" : 965.2841880341874,
    "minResTime" : 576.0,
    "maxResTime" : 3225.0,
    "pct1ResTime" : 1127.2,
    "pct2ResTime" : 1653.5999999999995,
    "pct3ResTime" : 2489.01,
    "throughput" : 0.7135995608618086,
    "receivedKBytesPerSec" : 0.4089656070361221,
    "sentKBytesPerSec" : 0.9513082420368083
  },
  "RemovePost-0" : {
    "transaction" : "RemovePost-0",
    "sampleCount" : 29,
    "errorCount" : 0,
    "errorPct" : 0.0,
    "meanResTime" : 1130.1034482758619,
    "minResTime" : 584.0,
    "maxResTime" : 3278.0,
    "pct1ResTime" : 1899.0,
    "pct2ResTime" : 3053.0,
    "pct3ResTime" : 3278.0,
    "throughput" : 0.4319461407846525,
    "receivedKBytesPerSec" : 0.20177656468765823,
    "sentKBytesPerSec" : 0.49597587245673086
  },
  "CheckPublishedPost" : {
    "transaction" : "CheckPublishedPost",
    "sampleCount" : 463,
    "errorCount" : 4,
    "errorPct" : 0.8639309,
    "meanResTime" : 963.8531317494597,
    "minResTime" : 566.0,
    "maxResTime" : 2583.0,
    "pct1ResTime" : 1092.8000000000002,
    "pct2ResTime" : 1269.6,
    "pct3ResTime" : 2459.88,
    "throughput" : 0.7076794685831584,
    "receivedKBytesPerSec" : 43.540330373969624,
    "sentKBytesPerSec" : 0.430982456465485
  },
  "Get PostsID-0" : {
    "transaction" : "Get PostsID-0",
    "sampleCount" : 18,
    "errorCount" : 0,
    "errorPct" : 0.0,
    "meanResTime" : 1125.8888888888891,
    "minResTime" : 616.0,
    "maxResTime" : 3204.0,
    "pct1ResTime" : 1794.6000000000022,
    "pct2ResTime" : 3204.0,
    "pct3ResTime" : 3204.0,
    "throughput" : 0.24373400495592476,
    "receivedKBytesPerSec" : 0.11362881426791784,
    "sentKBytesPerSec" : 0.2315949090059715
  },
  "RemoveUser TRANSACTION" : {
    "transaction" : "RemoveUser TRANSACTION",
    "sampleCount" : 799,
    "errorCount" : 379,
    "errorPct" : 47.43429,
    "meanResTime" : 4628.704630788491,
    "minResTime" : 2687.0,
    "maxResTime" : 15493.0,
    "pct1ResTime" : 5299.0,
    "pct2ResTime" : 5764.0,
    "pct3ResTime" : 9142.0,
    "throughput" : 1.2198510529803144,
    "receivedKBytesPerSec" : 112.40919044313875,
    "sentKBytesPerSec" : 6.535903783293994
  },
  "Get PostsID" : {
    "transaction" : "Get PostsID",
    "sampleCount" : 34,
    "errorCount" : 0,
    "errorPct" : 0.0,
    "meanResTime" : 1862.9411764705883,
    "minResTime" : 878.0,
    "maxResTime" : 4844.0,
    "pct1ResTime" : 3304.0,
    "pct2ResTime" : 3935.0,
    "pct3ResTime" : 4844.0,
    "throughput" : 0.4490523674304959,
    "receivedKBytesPerSec" : 24.744570511127254,
    "sentKBytesPerSec" : 0.6484276976160602
  },
  "Log In TRANSACTION" : {
    "transaction" : "Log In TRANSACTION",
    "sampleCount" : 874,
    "errorCount" : 0,
    "errorPct" : 0.0,
    "meanResTime" : 3151.17276887872,
    "minResTime" : 1786.0,
    "maxResTime" : 10319.0,
    "pct1ResTime" : 3628.0,
    "pct2ResTime" : 4327.25,
    "pct3ResTime" : 8230.25,
    "throughput" : 1.3260365919342383,
    "receivedKBytesPerSec" : 36.97098492496287,
    "sentKBytesPerSec" : 2.0479339730688646
  },
  "GetNewPostPage" : {
    "transaction" : "GetNewPostPage",
    "sampleCount" : 469,
    "errorCount" : 0,
    "errorPct" : 0.0,
    "meanResTime" : 1475.3006396588494,
    "minResTime" : 741.0,
    "maxResTime" : 7071.0,
    "pct1ResTime" : 1718.0,
    "pct2ResTime" : 2550.5,
    "pct3ResTime" : 6332.000000000004,
    "throughput" : 0.7144804934637984,
    "receivedKBytesPerSec" : 47.90672669721489,
    "sentKBytesPerSec" : 0.731522183838573
  },
  "Get PostsID-1" : {
    "transaction" : "Get PostsID-1",
    "sampleCount" : 18,
    "errorCount" : 0,
    "errorPct" : 0.0,
    "meanResTime" : 950.3888888888889,
    "minResTime" : 511.0,
    "maxResTime" : 1781.0,
    "pct1ResTime" : 1724.3000000000002,
    "pct2ResTime" : 1781.0,
    "pct3ResTime" : 1781.0,
    "throughput" : 0.24354932550367353,
    "receivedKBytesPerSec" : 1.1931168563194285,
    "sentKBytesPerSec" : 0.20834883705197074
  },
  "RemovePost TRANSACTION" : {
    "transaction" : "RemovePost TRANSACTION",
    "sampleCount" : 32,
    "errorCount" : 20,
    "errorPct" : 62.5,
    "meanResTime" : 4112.25,
    "minResTime" : 1664.0,
    "maxResTime" : 9253.0,
    "pct1ResTime" : 7184.299999999999,
    "pct2ResTime" : 8758.349999999999,
    "pct3ResTime" : 9253.0,
    "throughput" : 0.4377564979480164,
    "receivedKBytesPerSec" : 43.79232216142271,
    "sentKBytesPerSec" : 1.5127233669630644
  },
  "PostBody-0" : {
    "transaction" : "PostBody-0",
    "sampleCount" : 467,
    "errorCount" : 0,
    "errorPct" : 0.0,
    "meanResTime" : 1083.15631691649,
    "minResTime" : 582.0,
    "maxResTime" : 3242.0,
    "pct1ResTime" : 1402.6,
    "pct2ResTime" : 1547.6,
    "pct3ResTime" : 2686.32,
    "throughput" : 0.7114889467830644,
    "receivedKBytesPerSec" : 0.34336429671907615,
    "sentKBytesPerSec" : 1.4111526749394396
  },
  "Add Comment" : {
    "transaction" : "Add Comment",
    "sampleCount" : 2129,
    "errorCount" : 1,
    "errorPct" : 0.04697041,
    "meanResTime" : 1278.9995302959128,
    "minResTime" : 470.0,
    "maxResTime" : 6391.0,
    "pct1ResTime" : 1855.0,
    "pct2ResTime" : 1943.5,
    "pct3ResTime" : 2836.3999999999996,
    "throughput" : 3.2495779669761067,
    "receivedKBytesPerSec" : 117.41111477962701,
    "sentKBytesPerSec" : 3.946267237625961
  },
  "PostBody-1" : {
    "transaction" : "PostBody-1",
    "sampleCount" : 467,
    "errorCount" : 5,
    "errorPct" : 1.0706638,
    "meanResTime" : 985.1477516059962,
    "minResTime" : 506.0,
    "maxResTime" : 3720.0,
    "pct1ResTime" : 1235.2,
    "pct2ResTime" : 1427.8,