{
  "RemovePost-1" : {
    "transaction" : "RemovePost-1",
    "sampleCount" : 28,
    "errorCount" : 0,
    "errorPct" : 0.0,
    "meanResTime" : 1427.0,
    "minResTime" : 539.0,
    "maxResTime" : 4093.0,
    "pct1ResTime" : 3728.2,
    "pct2ResTime" : 3929.6499999999987,
    "pct3ResTime" : 4093.0,
    "throughput" : 0.363745014744664,
    "receivedKBytesPerSec" : 11.540163275231562,
    "sentKBytesPerSec" : 0.33201628002520234
  },
  "Add Comment-0" : {
    "transaction" : "Add Comment-0",
    "sampleCount" : 725,
    "errorCount" : 0,
    "errorPct" : 0.0,
    "meanResTime" : 854.9379310344823,
    "minResTime" : 563.0,
    "maxResTime" : 2876.0,
    "pct1ResTime" : 966.1999999999999,
    "pct2ResTime" : 1071.6999999999998,
    "pct3ResTime" : 1978.2400000000002,
    "throughput" : 1.122732467564646,
    "receivedKBytesPerSec" : 0.4488631172318528,
    "sentKBytesPerSec" : 1.0525616883418558
  },
  "RemoveUser" : {
    "transaction" : "RemoveUser",
    "sampleCount" : 711,
    "errorCount" : 0,
    "errorPct" : 0.0,
    "meanResTime" : 1541.7988748241914,
    "minResTime" : 769.0,
    "maxResTime" : 5586.0,
    "pct1ResTime" : 1982.8000000000002,
    "pct2ResTime" : 2173.5999999999995,
    "pct3ResTime" : 3209.039999999998,
    "throughput" : 1.084115797595123,
    "receivedKBytesPerSec" : 15.99456462591906,
    "sentKBytesPerSec" : 1.7579893978506758
  },
  "Add Comment-1" : {
    "transaction" : "Add Comment-1",
    "sampleCount" : 725,
    "errorCount" : 3,
    "errorPct" : 0.41379312,
    "meanResTime" : 1044.107586206898,
    "minResTime" : 729.0,
    "maxResTime" : 3192.0,
    "pct1ResTime" : 1184.0,
    "pct2ResTime" : 1297.6999999999998,
    "pct3ResTime" : 2171.34,
    "throughput" : 1.1231220624548814,
    "receivedKBytesPerSec" : 78.0420396448533,
    "sentKBytesPerSec" : 0.8818263068493405
  },
  "LOG IN" : {
    "transaction" : "LOG IN",
    "sampleCount" : 2592,
    "errorCount" : 921,
    "errorPct" : 35.532406,
    "meanResTime" : 2732.7391975308633,
    "minResTime" : 1386.0,
    "maxResTime" : 17947.0,
    "pct1ResTime" : 3290.0,
    "pct2ResTime" : 3871.2499999999986,
    "pct3ResTime" : 7525.100000000005,
    "throughput" : 3.912387869786313,
    "receivedKBytesPerSec" : 79.47304955125274,
    "sentKBytesPerSec" : 7.561702277396149
  },
  "PostTitle" : {
    "transaction" : "PostTitle",
    "sampleCount" : 449,
    "errorCount" : 0,
    "errorPct" : 0.0,
    "meanResTime" : 998.4454342984413,
    "minResTime" : 617.0,
    "maxResTime" : 3842.0,
    "pct1ResTime" : 1207.0,
    "pct2ResTime" : 1560.0,
    "pct3ResTime" : 2507.5,
    "throughput" : 0.6824994375839825,
    "receivedKBytesPerSec" : 0.3767510423696867,
    "sentKBytesPerSec" : 0.8598739423348777
  },
  "RemovePost-0" : {
    "transaction" : "RemovePost-0",
    "sampleCount" : 28,
    "errorCount" : 0,
    "errorPct" : 0.0,
    "meanResTime" : 1635.9285714285713,
    "minResTime" : 630.0,
    "maxResTime" : 4402.0,
    "pct1ResTime" : 3891.500000000001,
    "pct2ResTime" : 4376.8,
    "pct3ResTime" : 4402.0,
    "throughput" : 0.3620096708297779,
    "receivedKBytesPerSec" : 0.1690607384350839,
    "sentKBytesPerSec" : 0.410947641119127
  },
  "CheckPublishedPost" : {
    "transaction" : "CheckPublishedPost",
    "sampleCount" : 444,
    "errorCount" : 1,
    "errorPct" : 0.22522523,
    "meanResTime" : 1037.5945945945934,
    "minResTime" : 669.0,
    "maxResTime" : 4068.0,
    "pct1ResTime" : 1188.0,
    "pct2ResTime" : 1501.0,
    "pct3ResTime" : 3296.5000000000027,
    "throughput" : 0.6802210411978018,
    "receivedKBytesPerSec" : 40.653467619218695,
    "sentKBytesPerSec" : 0.3845333878991128
  },
  "Get PostsID-0" : {
    "transaction" : "Get PostsID-0",
    "sampleCount" : 23,
    "errorCount" : 0,
    "errorPct" : 0.0,
    "meanResTime" : 1616.0434782608693,
    "minResTime" : 662.0,
    "maxResTime" : 4283.0,
    "pct1ResTime" : 4097.400000000001,
    "pct2ResTime" : 4279.8,
    "pct3ResTime" : 4283.0,
    "throughput" : 0.31011096579341213,
    "receivedKBytesPerSec" : 0.1445744906764464,
    "sentKBytesPerSec" : 0.29583785578491784
  },
  "RemoveUser TRANSACTION" : {
    "transaction" : "RemoveUser TRANSACTION",
    "sampleCount" : 707,
    "errorCount" : 413,
    "errorPct" : 58.41584,
    "meanResTime" : 5218.9533239038155,
    "minResTime" : 3326.0,
    "maxResTime" : 17721.0,
    "pct1ResTime" : 6081.2,
    "pct2ResTime" : 6682.6,
    "pct3ResTime" : 11108.639999999987,
    "throughput" : 1.0772922936269096,
    "receivedKBytesPerSec" : 80.22339922764847,
    "sentKBytesPerSec" : 5.926423041027009
  },
  "Get PostsID" : {
    "transaction" : "Get PostsID",
    "sampleCount" : 30,
    "errorCount" : 0,
    "errorPct" : 0.0,
    "meanResTime" : 2861.2333333333336,
    "minResTime" : 1190.0,
    "maxResTime" : 8693.0,
    "pct1ResTime" : 8315.600000000004,
    "pct2ResTime" : 8660.55,
    "pct3ResTime" : 8693.0,
    "throughput" : 0.36391867630646807,
    "receivedKBytesPerSec" : 10.982359610788976,
    "sentKBytesPerSec" : 0.5939621911240235
  },
  "Log In TRANSACTION" : {
    "transaction" : "Log In TRANSACTION",
    "sampleCount" : 810,
    "errorCount" : 0,
    "errorPct" : 0.0,
    "meanResTime" : 3662.630864197534,
    "minResTime" : 1965.0,
    "maxResTime" : 13413.0,
    "pct1ResTime" : 4351.5,
    "pct2ResTime" : 5465.449999999997,
    "pct3ResTime" : 10341.36,
    "throughput" : 1.2251009573937113,
    "receivedKBytesPerSec" : 28.69872105273606,
    "sentKBytesPerSec" : 1.9508164149348883
  },
  "GetNewPostPage" : {
    "transaction" : "GetNewPostPage",
    "sampleCount" : 451,
    "errorCount" : 0,
    "errorPct" : 0.0,
    "meanResTime" : 1608.352549889135,
    "minResTime" : 815.0,
    "maxResTime" : 8020.0,
    "pct1ResTime" : 1926.6000000000001,
    "pct2ResTime" : 2540.0,
    "pct3ResTime" : 4742.680000000002,
    "throughput" : 0.682368712108489,
    "receivedKBytesPerSec" : 32.01734712756437,
    "sentKBytesPerSec" : 0.7212962821118025
  },
  "Get PostsID-1" : {
    "transaction" : "Get PostsID-1",
    "sampleCount" : 23,
    "errorCount" : 0,
    "errorPct" : 0.0,
    "meanResTime" : 1611.3478260869565,
    "minResTime" : 541.0,
    "maxResTime" : 4684.0,
    "pct1ResTime" : 4395.6,
    "pct2ResTime" : 4632.4,
    "pct3ResTime" : 4684.0,
    "throughput" : 0.2939409817628791,
    "receivedKBytesPerSec" : 1.4400012939793219,
    "sentKBytesPerSec" : 0.2525680896711695
  },
  "RemovePost TRANSACTION" : {
    "transaction" : "RemovePost TRANSACTION",
    "sampleCount" : 24,
    "errorCount" : 17,
    "errorPct" : 70.833336,
    "meanResTime" : 4169.916666666667,
    "minResTime" : 2405.0,
    "maxResTime" : 9524.0,
    "pct1ResTime" : 8156.5,
    "pct2ResTime" : 9424.75,
    "pct3ResTime" : 9524.0,
    "throughput" : 0.3240790752943718,
    "receivedKBytesPerSec" : 23.672396670256294,
    "sentKBytesPerSec" : 1.1831734599492276
  },
  "PostBody-0" : {
    "transaction" : "PostBody-0",
    "sampleCount" : 447,
    "errorCount" : 0,
    "errorPct" : 0.0,
    "meanResTime" : 1129.3713646532412,
    "minResTime" : 602.0,
    "maxResTime" : 3209.0,
    "pct1ResTime" : 1562.0,
    "pct2ResTime" : 1772.7999999999997,
    "pct3ResTime" : 2535.759999999998,
    "throughput" : 0.6796525409426035,
    "receivedKBytesPerSec" : 0.32432157809390155,
    "sentKBytesPerSec" : 1.294001847757831
  },
  "Add Comment" : {
    "transaction" : "Add Comment",
    "sampleCount" : 2065,
    "errorCount" : 3,
    "errorPct" : 0.14527845,
    "meanResTime" : 1203.4130750605327,
    "minResTime" : 483.0,
    "maxResTime" : 6011.0,
    "pct1ResTime" : 1952.0,
    "pct2ResTime" : 2103.0,
    "pct3ResTime" : 3345.0599999999995,
    "throughput" : 3.1452671725495094,
    "receivedKBytesPerSec" : 77.81002854015813,
    "sentKBytesPerSec" : 3.27683511917364
  },
  "PostBody-1" : {
    "transaction" : "PostBody-1",
    "sampleCount" : 447,
    "errorCount" : 0,
    "errorPct" : 0.0,
    "meanResTime" : 994.4653243847868,
    "minResTime" : 528.0,