{
  "Add Comment-0" : {
    "transaction" : "Add Comment-0",
    "sampleCount" : 100,
    "errorCount" : 0,
    "errorPct" : 0.0,
    "meanResTime" : 602.7600000000001,
    "minResTime" : 504.0,
    "maxResTime" : 1268.0,
    "pct1ResTime" : 703.2,
    "pct2ResTime" : 846.2999999999996,
    "pct3ResTime" : 1265.879999999999,
    "throughput" : 0.7369902790982187,
    "receivedKBytesPerSec" : 0.2945514078356806,
    "sentKBytesPerSec" : 0.69092838665458
  },
  "RemovePost-1" : {
    "transaction" : "RemovePost-1",
    "sampleCount" : 1,
    "errorCount" : 0,
    "errorPct" : 0.0,
    "meanResTime" : 101826.0,
    "minResTime" : 101826.0,
    "maxResTime" : 101826.0,
    "pct1ResTime" : 101826.0,
    "pct2ResTime" : 101826.0,
    "pct3ResTime" : 101826.0,
    "throughput" : 0.009820674483923555,
    "receivedKBytesPerSec" : 1.1140519427749298,
    "sentKBytesPerSec" : 0.00938910187476676
  },
  "RemoveUser" : {
    "transaction" : "RemoveUser",
    "sampleCount" : 100,
    "errorCount" : 0,
    "errorPct" : 0.0,
    "meanResTime" : 123032.26000000004,
    "minResTime" : 84087.0,
    "maxResTime" : 148479.0,
    "pct1ResTime" : 143203.5,
    "pct2ResTime" : 145380.5,
    "pct3ResTime" : 148478.88,
    "throughput" : 0.2544082591097237,
    "receivedKBytesPerSec" : 3.24405809635204,
    "sentKBytesPerSec" : 0.3157295935955265
  },
  "Add Comment-1" : {
    "transaction" : "Add Comment-1",
    "sampleCount" : 100,
    "errorCount" : 0,
    "errorPct" : 0.0,
    "meanResTime" : 765.8000000000003,
    "minResTime" : 677.0,
    "maxResTime" : 1425.0,
    "pct1ResTime" : 845.1,
    "pct2ResTime" : 1033.0499999999997,
    "pct3ResTime" : 1424.2799999999997,
    "throughput" : 0.737609996090667,
    "receivedKBytesPerSec" : 52.66755790699475,
    "sentKBytesPerSec" : 0.5797297627477447
  },
  "LOG IN" : {
    "transaction" : "LOG IN",
    "sampleCount" : 501,
    "errorCount" : 70,
    "errorPct" : 13.972055,
    "meanResTime" : 195538.01996007987,
    "minResTime" : 3108.0,
    "maxResTime" : 242714.0,
    "pct1ResTime" : 234683.2,
    "pct2ResTime" : 235594.2,
    "pct3ResTime" : 236992.26,
    "throughput" : 0.1743748348920912,
    "receivedKBytesPerSec" : 2.800451541307345,
    "sentKBytesPerSec" : 0.29580949927796285
  },
  "PostTitle" : {
    "transaction" : "PostTitle",
    "sampleCount" : 101,
    "errorCount" : 0,
    "errorPct" : 0.0,
    "meanResTime" : 96325.63366336629,
    "minResTime" : 1512.0,
    "maxResTime" : 119252.0,
    "pct1ResTime" : 108600.6,
    "pct2ResTime" : 108920.8,
    "pct3ResTime" : 119080.04000000004,
    "throughput" : 0.19066928695350124,
    "receivedKBytesPerSec" : 0.12324443554811758,
    "sentKBytesPerSec" : 0.29645512345836333
  },
  "RemovePost-0" : {
    "transaction" : "RemovePost-0",
    "sampleCount" : 1,
    "errorCount" : 0,
    "errorPct" : 0.0,
    "meanResTime" : 89901.0,
    "minResTime" : 89901.0,
    "maxResTime" : 89901.0,
    "pct1ResTime" : 89901.0,
    "pct2ResTime" : 89901.0,
    "pct3ResTime" : 89901.0,
    "throughput" : 0.011123346792582952,
    "receivedKBytesPerSec" : 0.0052140688090232595,
    "sentKBytesPerSec" : 0.012817919155515512
  },
  "CheckPublishedPost" : {
    "transaction" : "CheckPublishedPost",
    "sampleCount" : 101,
    "errorCount" : 21,
    "errorPct" : 20.79208,
    "meanResTime" : 75781.17821782177,
    "minResTime" : 1281.0,
    "maxResTime" : 254214.0,
    "pct1ResTime" : 125402.4,
    "pct2ResTime" : 127201.7,
    "pct3ResTime" : 254097.56000000003,
    "throughput" : 0.38823307822704334,
    "receivedKBytesPerSec" : 18.832164690105436,
    "sentKBytesPerSec" : 0.2949774087267877
  },
  "RemoveUser TRANSACTION" : {
    "transaction" : "RemoveUser TRANSACTION",
    "sampleCount" : 100,
    "errorCount" : 69,
    "errorPct" : 69.0,
    "meanResTime" : 380440.03000000014,
    "minResTime" : 350585.0,
    "maxResTime" : 409125.0,
    "pct1ResTime" : 397607.5,
    "pct2ResTime" : 401754.1,
    "pct3ResTime" : 409102.66,
    "throughput" : 0.1758081019405698,
    "receivedKBytesPerSec" : 10.921005285560705,
    "sentKBytesPerSec" : 0.748181938200815
  },
  "Get PostsID-0" : {
    "transaction" : "Get PostsID-0",
    "sampleCount" : 74,
    "errorCount" : 0,
    "errorPct" : 0.0,
    "meanResTime" : 80428.18918918917,
    "minResTime" : 77627.0,
    "maxResTime" : 84356.0,
    "pct1ResTime" : 82247.5,
    "pct2ResTime" : 82779.25,
    "pct3ResTime" : 84356.0,
    "throughput" : 0.5607504963399663,
    "receivedKBytesPerSec" : 0.26175657934619523,
    "sentKBytesPerSec" : 0.2694230900383432
  },
  "Get PostsID" : {
    "transaction" : "Get PostsID",
    "sampleCount" : 100,
    "errorCount" : 0,
    "errorPct" : 0.0,
    "meanResTime" : 135797.32999999996,
    "minResTime" : 108414.0,
    "maxResTime" : 149754.0,
    "pct1ResTime" : 146228.7,
    "pct2ResTime" : 147367.05,
    "pct3ResTime" : 149740.50999999998,
    "throughput" : 0.3064035273174065,
    "receivedKBytesPerSec" : 10.35528123343506,
    "sentKBytesPerSec" : 0.30873746043564454
  },
  "Log In TRANSACTION" : {
    "transaction" : "Log In TRANSACTION",
    "sampleCount" : 401,
    "errorCount" : 0,
    "errorPct" : 0.0,
    "meanResTime" : 258207.39650872812,
    "minResTime" : 4832.0,
    "maxResTime" : 300717.0,
    "pct1ResTime" : 297007.4,
    "pct2ResTime" : 298708.2,
    "pct3ResTime" : 300146.02,
    "throughput" : 0.1474608419756664,
    "receivedKBytesPerSec" : 3.1111535682857694,
    "sentKBytesPerSec" : 0.28802094863287986
  },
  "GetNewPostPage" : {
    "transaction" : "GetNewPostPage",
    "sampleCount" : 101,
    "errorCount" : 0,
    "errorPct" : 0.0,
    "meanResTime" : 136777.2871287129,
    "minResTime" : 2505.0,
    "maxResTime" : 173343.0,
    "pct1ResTime" : 153479.8,
    "pct2ResTime" : 155147.5,
    "pct3ResTime" : 173294.94,
    "throughput" : 0.16110945393465972,
    "receivedKBytesPerSec" : 7.608209523642413,
    "sentKBytesPerSec" : 0.2488563447016524
  },
  "RemovePost TRANSACTION" : {
    "transaction" : "RemovePost TRANSACTION",
    "sampleCount" : 26,
    "errorCount" : 25,
    "errorPct" : 96.15385,
    "meanResTime" : 198954.26923076922,
    "minResTime" : 191078.0,
    "maxResTime" : 300390.0,
    "pct1ResTime" : 203622.30000000002,
    "pct2ResTime" : 270723.2999999999,
    "pct3ResTime" : 300390.0,
    "throughput" : 0.06569770967676727,
    "receivedKBytesPerSec" : 8.017260000423244,
    "sentKBytesPerSec" : 0.13862305575840425
  },
  "Get PostsID-1" : {
    "transaction" : "Get PostsID-1",
    "sampleCount" : 74,
    "errorCount" : 0,
    "errorPct" : 0.0,
    "meanResTime" : 62904.25675675676,
    "minResTime" : 60799.0,
    "maxResTime" : 67575.0,
    "pct1ResTime" : 64373.0,
    "pct2ResTime" : 64678.0,
    "pct3ResTime" : 67575.0,
    "throughput" : 0.6814498305584206,
    "receivedKBytesPerSec" : 3.338767833380912,
    "sentKBytesPerSec" : 0.379988137938338
  },
  "PostBody-0" : {
    "transaction" : "PostBody-0",
    "sampleCount" : 35,
    "errorCount" : 0,
    "errorPct" : 0.0,
    "meanResTime" : 84058.20000000001,
    "minResTime" : 858.0,
    "maxResTime" : 92309.0,
    "pct1ResTime" : 88817.6,
    "pct2ResTime" : 90186.59999999999,
    "pct3ResTime" : 92309.0,
    "throughput" : 0.07916170021237953,
    "receivedKBytesPerSec" : 0.03942402865766636,
    "sentKBytesPerSec" : 0.17927342069580873
  },
  "Add Comment" : {
    "transaction" : "Add Comment",
    "sampleCount" : 100,
    "errorCount" : 0,
    "errorPct" : 0.0,
    "meanResTime" : 1368.7499999999993,
    "minResTime" : 1213.0,
    "maxResTime" : 2381.0,
    "pct1ResTime" : 1475.6000000000001,
    "pct2ResTime" : 1994.6499999999994,
    "pct3ResTime" : 2378.749999999999,
    "throughput" : 0.7347106709377846,
    "receivedKBytesPerSec" : 52.75417774855262,
    "sentKBytesPerSec" : 1.26624227176213
  },
  "PostBody-1" : {
    "transaction" : "PostBody-1",
    "sampleCount" : 35,
    "errorCount" : 26,
    "errorPct" : 74.28571,
    "meanResTime" : 232722.8571428571,
    "minResTime" : 2397.0,